rank,seq_id,sequence,mean_score,best_target,specificity_index,gc_content,mfe
1,R02_M00006,UAAGGUCCCUAGUUUGUCUCUAUGCAGGAUAGGGACUACCUA,2.6666199999999995,isocitrate,1.082501037830273,0.4524,-15.6
2,R02_M00001,GCAGGUCUCAGGCUUAACACGCUGUAGGCCAGGGCCUAGUGA,2.6009542857142853,isocitrate,1.080464556786196,0.5952,-15.0
3,R02_M00000,GCAGGUCUCUAGCUUGCCACGAUGCAUGGUAGGGCCUACCGA,2.5409542857142857,isocitrate,1.0914162935458414,0.5952,-14.1
4,R02_N00001,GUUGGCCACGUUAAGACGCACACUGUACCAUGUCCAGUGUAGCAGG,2.0482535714285715,isocitrate,1.0920639607995155,0.5435,-9.5
5,R02_M00002,UCAUGUCUCUGGCUUAAUAAAUUGUAGACAAGGGCCUAGACA,2.0328114285714283,citrate,1.104007417731676,0.4048,-9.2
6,R02_M00004,GCAGGUGUAUGGCCUAACGAGCUUUAGGAGAGGGCCUAGUCU,1.9781914285714288,citrate,1.0998020053949684,0.5476,-8.8
7,R02_M00007,GCAGGUUUCUGGCUGAACACGCUGUACGACACGGCCUAGUCA,1.9175728571428567,citrate,1.0854497167067585,0.5714,-7.5
8,R02_M00005,UCAGGUCUGUGGCUUACCAAAUUGUAGGAAAGGGCGUAGCGA,1.8734285714285717,citrate,1.1006552001992986,0.5,-7.8
9,R02_M00003,UCAGGUCUAUAGCUUGUCACGAUCCAGGAUAGUGCCUACCGA,1.8517142857142856,citrate,1.115722279736464,0.5,-7.4
10,R00_S00003,,1.5737142857142856,citrate,1.088506933592181,,
11,R02_N00000,UCUGGAAUACUAAGCAUAAAUGUCCGCCACG,1.298865714285714,isocitrate,1.1737770960112812,0.4516,-1.4
12,R01_M00002,,1.1794285714285715,citrate,1.203971847407591,,
13,R01_N00001,,1.1707142857142858,citrate,1.2026835364509143,,
14,R00_S00005,,1.1558571428571427,isocitrate,1.1402783361823816,,
15,R01_N00000,,1.1514285714285717,isocitrate,1.1559543310570326,,
16,R01_M00001,,1.149571428571429,citrate,1.1586916725684469,,
17,R01_M00007,,1.1489999999999998,citrate,1.1644898481376431,,
18,R00_S00000,,1.1422857142857143,citrate,1.1345662903996958,,
19,R01_M00005,,1.1352857142857142,citrate,1.148608526455306,,
20,R01_M00003,,1.1317142857142857,isocitrate,1.2476636286738954,,
