rank,seq_id,sequence,gc_content,mfe,mean_score,min_score,max_score,n_targets_scored,mean_binding,mean_stability,mean_hbond,mean_contact,mean_specificity,best_target,specificity_index,round
1,R00_S00006_c01,,,,1.2376001752052173,1.019867136043607,1.5055246422893482,7,0.7204633204633204,0.0,0.6530612244897959,0.7310924369747899,0.5,isocitrate,1.2164870943260953,0
2,R00_S00006_c02,,,,1.2124265922585251,1.0223711106064048,1.4195434930729047,7,0.7134169884169884,0.0,0.6122448979591837,0.7016806722689076,0.5,isocitrate,1.170828403934733,0
3,R00_S00005_c02,,,,1.206081892216346,1.0043265955030662,1.4029298205768794,7,0.6931467181467182,0.0,0.6530612244897959,0.7100840336134454,0.5,citrate,1.163212737433264,0
4,R00_S00004_c01,,,,1.1911837708056194,0.949239155121508,1.4071712468771294,7,0.705019305019305,0.0,0.5918367346938777,0.6680672268907564,0.5,isocitrate,1.1813217071821855,0
5,R00_S00009_c01,,,,1.1668699912397391,1.0550136270724506,1.3565069270951624,7,0.6732625482625483,0.0,0.6530612244897959,0.6134453781512604,0.5,citrate,1.1625176207431864,0
6,R00_S00007_c01,,,,1.1650546705168554,1.0599420849420849,1.2813479445832383,7,0.6703667953667953,0.0,0.673469387755102,0.5882352941176471,0.5,citrate,1.0998178677014134,0
7,R00_S00001_c02,,,,1.16379173290938,0.971138996138996,1.4332159890983418,7,0.677027027027027,0.0,0.5714285714285714,0.7016806722689076,0.5,citrate,1.2315055583733343,0
8,R00_S00000_c02,,,,1.1613826611725773,1.0408925732455143,1.307103111514876,7,0.6706563706563706,0.0,0.5510204081632653,0.7521008403361344,0.5,citrate,1.125471521220837,0
9,R00_S00008_c01,,,,1.1589103208851108,1.0162900295253237,1.290001135589371,7,0.666023166023166,0.0,0.5918367346938774,0.7016806722689076,0.5,citrate,1.113115580410937,0
10,R00_S00009_c02,,,,1.1485156224652024,1.0302009993186465,1.3099931864637746,7,0.6663127413127413,0.0,0.6122448979591837,0.6176470588235295,0.5,isocitrate,1.140596749142494,0
11,R00_S00000_c01,,,,1.144077090295578,0.9342550533727004,1.3809504883034296,7,0.6574324324324324,0.0,0.6326530612244898,0.6092436974789915,0.5,citrate,1.2070432130929314,0
12,R00_S00004_c02,,,,1.131910061321826,1.0264251646604587,1.2570122643652055,7,0.6585907335907336,0.0,0.5714285714285714,0.6344537815126051,0.5,citrate,1.1105230938461348,0
13,R00_S00008,AUAAGCAUGCGCGUACCAGAGCAUAGCAUCUAU,0.4545,-6.8,1.1243437196500223,0.9524414452267396,1.268254527216292,7,0.6006756756756756,0.6126126126126126,0.5306122448979592,0.6638655462184875,0.5,isocitrate,1.1279953842612025,0
14,R01_M00002,,,,1.123722461957756,0.8899784238019532,1.3736656824892115,7,0.6394787644787644,0.0,0.5714285714285714,0.6890756302521008,0.5,citrate,1.222424333205531,0
15,R00_S00008_c02,,,,1.11700707309951,0.9908130819895526,1.238451056098115,7,0.6409266409266409,0.0,0.5918367346938777,0.6176470588235293,0.5,isocitrate,1.1087226614894168,0
16,R02_M00007,,,,1.1075597806690245,0.9638541903247788,1.310350897115603,7,0.6338803088803088,0.0,0.5306122448979592,0.6974789915966387,0.5,citrate,1.1830972185907516,0
17,R02_N00000,,,,1.105341325719477,0.9593345446286624,1.357250738133091,7,0.6272200772200772,0.0,0.5510204081632654,0.6890756302521008,0.5,isocitrate,1.227901920722761,0
18,R01_N00001,,,,1.098626747996496,0.9579037020213492,1.3655575743811037,7,0.6335907335907336,0.0,0.5102040816326531,0.6848739495798319,0.5,citrate,1.242967710032936,0
19,R01_M00001,,,,1.0932245871321502,0.9800136270724508,1.296559164206223,7,0.6193050193050194,0.0,0.5510204081632653,0.6680672268907564,0.5,citrate,1.1859952458821694,0
20,R01_M00005,,,,1.0930558709970477,0.9599307290483762,1.2835225982284806,7,0.6096525096525097,0.0,0.5714285714285714,0.6848739495798319,0.5,citrate,1.1742515923577117,0
21,R00_S00003_c02,,,,1.090371824405438,0.8933568021803316,1.3333749716102656,7,0.6201737451737451,0.0,0.5918367346938774,0.5882352941176471,0.5,isocitrate,1.2228626423967537,0
22,R01_M00007,,,,1.0894771422082346,0.9285714285714286,1.31237792414263,7,0.6189189189189188,0.0,0.5510204081632654,0.6512605042016807,0.5,citrate,1.204594270126686,0
23,R01_M00000,,,,1.0815320722883748,0.9311548943901884,1.269123325005678,7,0.6002895752895753,0.0,0.5306122448979591,0.7352941176470588,0.5,citrate,1.1734495502726383,0
24,R01_N00000,,,,1.0797135070244317,0.9466159436747672,1.2958834885305477,7,0.6205598455598456,0.0,0.5102040816326531,0.6554621848739496,0.5,isocitrate,1.200210499266278,0
25,R01_M00003,,,,1.0783978456247365,0.9333806495571202,1.343050193050193,7,0.6072393822393822,0.0,0.5306122448979591,0.6848739495798319,0.5,isocitrate,1.2454125323541665,0
26,R00_S00003,CUGAUUCAUUCCAACACUCUUGAGGCCGUU,0.4667,0.0,1.0775580308880308,1.042615945945946,1.17167,7,0.9058880308880308,0.0,0.0,0.0,0.5,citrate,1.0873381899878487,0
27,R02_M00000,,,,1.0749780993478473,0.9123665682489212,1.3015557574381105,7,0.6099420849420849,0.0,0.5102040816326531,0.6848739495798319,0.5,isocitrate,1.210774207415896,0
28,R00_S00003_c01,,,,1.067094675708121,0.9433568021803316,1.2288326141267318,7,0.6083011583011583,0.0,0.5510204081632654,0.592436974789916,0.5,citrate,1.1515684980432626,0
29,R00_S00001_c01,,,,1.0653004445021252,0.9028957528957527,1.29946059504883,7,0.604826254826255,0.0,0.5510204081632654,0.6008403361344538,0.5,citrate,1.2198066756992054,0
30,R02_M00003,,,,1.0640439959767691,0.8510560981149218,1.284942084942085,7,0.5937258687258687,0.0,0.5306122448979591,0.680672268907563,0.5,citrate,1.2076024004580128,0
31,R02_M00002,,,,1.06271941208916,0.8668067226890757,1.275204406086759,7,0.5976833976833976,0.0,0.5102040816326531,0.6848739495798319,0.5,citrate,1.199944585918439,0
32,R00_S00002_c01,,,,1.0558450407189903,0.9858846241199184,1.150721099250511,7,0.5914092664092665,0.0,0.5306122448979592,0.6512605042016807,0.5,oxaloacetate,1.0898579372755832,0
33,R01_M00006,,,,1.0557331040524318,0.8684249375425847,1.2693220531455824,7,0.5834942084942085,0.0,0.5510204081632654,0.6596638655462185,0.5,citrate,1.2023133944279818,0
34,R02_N00001,,,,1.0500559683332793,0.8862707245060187,1.236412673177379,7,0.5861003861003862,0.0,0.4897959183673469,0.7100840336134454,0.5,isocitrate,1.1774731150401674,0
35,R02_M00006,,,,1.0485245449531164,0.8954633204633204,1.2575573472632295,7,0.591891891891892,0.0,0.5102040816326531,0.6428571428571429,0.5,isocitrate,1.1993589965222042,0
36,R02_M00004,,,,1.0445102365270431,0.8812741312741312,1.24249375425846,7,0.5861969111969112,0.0,0.5102040816326531,0.6512605042016807,0.5,citrate,1.189546746042583,0
37,R02_M00001,,,,1.0421027870607702,0.8758573699750172,1.2733079718373834,7,0.5896718146718146,0.0,0.5102040816326531,0.6218487394957982,0.5,isocitrate,1.221864087137564,0
38,R02_M00005,,,,1.0348820609324811,0.8622643652055417,1.2181012945718828,7,0.5813706563706563,0.0,0.5306122448979592,0.5966386554621849,0.5,isocitrate,1.1770435872637195,0
39,R01_M00004,,,,1.0314752928198307,0.7954519645696116,1.2265671133318192,7,0.5628378378378379,0.0,0.5306122448979592,0.6722689075630253,0.5,citrate,1.1891386256955423,0
40,R00_S00005_c01,,,,1.0120364361961,0.8398478310243017,1.2061265046559164,7,0.5741312741312742,0.0,0.4897959183673469,0.5798319327731092,0.5,isocitrate,1.1917816990834371,0
41,R00_S00002_c02,,,,0.9653077447195096,0.834641153758801,1.0848228480581423,7,0.5348455598455599,0.0,0.4285714285714285,0.6344537815126051,0.5,citrate,1.1238103629320306,0
42,R00_S00007_c02,,,,0.9481376334317512,0.7938223938223938,1.1463888258005903,7,0.5294401544401545,0.0,0.4285714285714285,0.5756302521008403,0.5,isocitrate,1.2090953719895927,0
43,R00_S00005,UCAGGUCUCUGGCUUAUCACGAUGUAGGAUAGGGCCUAGCCA,0.5238,-11.1,0.8961721235521235,0.8347821621621622,1.0057281081081082,7,0.6235521235521235,1.0,0.0,0.0,0.5,isocitrate,1.1222488186750252,0
44,R00_S00000,CGUUCAGAAGCGCGCGACUGUACCGUCGUUA,0.5806,-6.1,0.8362771943371943,0.7252733333333333,0.940138198198198,7,0.6143822393822393,0.5495495495495495,0.0,0.0,0.5,citrate,1.1241944697764072,0
45,R00_S00001,GCACCUGACGUACUCGCCAUUUAGAGGCGUC,0.5806,-8.5,0.8070300900900901,0.6928409009009009,0.9124354954954956,7,0.5635135135135135,0.7657657657657658,0.0,0.0,0.5,citrate,1.1306090139254037,0
46,R00_S00007,ACAGUUACUGUUCAGGUUACCAAAACCAGAUGGCAAUUCCUCUGUACA,0.4167,-6.3,0.745724054054054,0.6707240540540541,0.868697027027027,7,0.5222972972972972,0.5675675675675675,0.0,0.0,0.5,citrate,1.164904123904196,0
47,R00_S00002,UCUAUCAUAGUUAGGCUACGGAUCCUCCUCUAGGACAC,0.4737,-2.9,0.7373957400257399,0.655252882882883,0.8572799099099099,7,0.5388996138996139,0.2612612612612612,0.0,0.0,0.5,citrate,1.1625777885798574,0
48,R00_S00009,GUCGUCCUAGGAGCAGAGUACAGACGCUUGCCAGAUCUCU,0.55,-3.6,0.4664285714285714,0.4233783783783784,0.5220270270270271,7,0.263996138996139,0.3243243243243243,0.0,0.0,0.5,isocitrate,1.1192003618238244,0
49,R00_S00006,AAGGUUCUCCUACGUGGCUCCAAGAUUCCACAGC,0.5294,-5.0,0.3319699099099099,0.2603482882882882,0.3623753153153153,7,0.1148648648648648,0.4504504504504504,0.0,0.0,0.5,isocitrate,1.091590844248703,0
50,R00_S00004,GUUCCUCUGCUGUAAUCAUGAGUCGGAUCACUGGUUGA,0.4737,-4.8,0.2397445173745173,0.2156132432432432,0.2608835135135134,7,0.0241312741312741,0.4324324324324324,0.0,0.0,0.5,malate,1.0881730071758045,0
