rank,seq_id,sequence,gc_content,mfe,mean_score,min_score,max_score,best_target,n_targets_scored,specificity_index
1,R02_M00006,UAAGGUCCCUAGUUUGUCUCUAUGCAGGAUAGGGACUACCUA,0.4524,-15.6,2.6666199999999995,2.51862,2.88662,isocitrate,7,1.082501037830273
2,R02_M00001,GCAGGUCUCAGGCUUAACACGCUGUAGGCCAGGGCCUAGUGA,0.5952,-15.0,2.6009542857142853,2.43724,2.81024,isocitrate,7,1.0804645567861961
3,R02_M00000,GCAGGUCUCUAGCUUGCCACGAUGCAUGGUAGGGCCUACCGA,0.5952,-14.1,2.5409542857142857,2.34524,2.7732400000000004,isocitrate,7,1.0914162935458414
4,R02_N00001,GUUGGCCACGUUAAGACGCACACUGUACCAUGUCCAGUGUAGCAGG,0.5435,-9.5,2.0482535714285715,1.9238250000000001,2.236825,isocitrate,7,1.0920639607995155
5,R02_M00002,UCAUGUCUCUGGCUUAAUAAAUUGUAGACAAGGGCCUAGACA,0.4048,-9.2,2.0328114285714283,1.8512399999999998,2.2442399999999996,citrate,7,1.1040074177316759
6,R02_M00004,GCAGGUGUAUGGCCUAACGAGCUUUAGGAGAGGGCCUAGUCU,0.5476,-8.8,1.9781914285714286,1.81762,2.17562,citrate,7,1.0998020053949684
7,R02_M00007,GCAGGUUUCUGGCUGAACACGCUGUACGACACGGCCUAGUCA,0.5714,-7.5,1.9175728571428572,1.7874299999999999,2.08143,citrate,7,1.0854497167067583
8,R02_M00005,UCAGGUCUGUGGCUUACCAAAUUGUAGGAAAGGGCGUAGCGA,0.5,-7.8,1.8734285714285714,1.7429999999999999,2.0620000000000003,citrate,7,1.1006552001992986
9,R02_M00003,UCAGGUCUAUAGCUUGUCACGAUCCAGGAUAGUGCCUACCGA,0.5,-7.4,1.8517142857142856,1.69,2.0660000000000003,citrate,7,1.1157222797364639
10,R00_S00003,,,,1.5737142857142856,1.522,1.713,citrate,7,1.088506933592181
11,R02_N00000,UCUGGAAUACUAAGCAUAAAUGUCCGCCACG,0.4516,-1.4,1.298865714285714,1.1495799999999998,1.5245799999999998,isocitrate,7,1.1737770960112812
12,R01_M00002,,,,1.1794285714285715,0.979,1.42,citrate,7,1.2039718474075907
13,R01_N00001,,,,1.1707142857142858,1.036,1.408,citrate,7,1.2026835364509145
14,R00_S00005,,,,1.1558571428571427,1.065,1.318,isocitrate,7,1.1402783361823816
15,R01_N00000,,,,1.1514285714285715,1.028,1.331,isocitrate,7,1.1559543310570326
16,R01_M00001,,,,1.1495714285714287,1.008,1.332,citrate,7,1.1586916725684469
17,R01_M00007,,,,1.1489999999999998,1.01,1.338,citrate,7,1.1644898481376433
18,R00_S00000,,,,1.1422857142857143,0.978,1.296,citrate,7,1.1345662903996958
19,R01_M00005,,,,1.1352857142857142,1.004,1.304,citrate,7,1.1486085264553059
20,R01_M00003,,,,1.1317142857142857,0.955,1.412,isocitrate,7,1.2476636286738954
21,R00_S00008,,,,1.122,0.99,1.241,isocitrate,7,1.1060596202677182
22,R01_M00000,,,,1.1214285714285714,0.949,1.32,citrate,7,1.1770690140785862
23,R01_M00006,,,,1.0965714285714285,0.967,1.329,citrate,7,1.2119582486050366
24,R00_S00001,,,,1.067,0.898,1.223,citrate,7,1.1462032369229271
25,R01_M00004,,,,1.066,0.859,1.23,isocitrate,7,1.1538450714398956
26,R00_S00002,,,,1.0305714285714287,0.909,1.208,citrate,7,1.1721640968743168
27,R00_S00007,,,,1.006,0.895,1.188,citrate,7,1.180913339052347
28,R00_S00009,,,,0.6237142857142857,0.56,0.706,isocitrate,7,1.1319267238921056
29,R00_S00006,,,,0.403,0.297,0.448,isocitrate,7,1.1116597725563957
30,R00_S00004,,,,0.26871428571428574,0.233,0.3,malate,7,1.1164232775316625
