seq_id,target,round,best_affinity,rmsd_lb,rmsd_ub,n_modes,mfe,sequence,gc_content,binding_score,mfe_score,gc_penalty,composite_score
R00_S00000,citrate,2,-1.296,0.0,0.0,5,,,,1.296,-0.0,0.0,1.296
R00_S00000,isocitrate,2,-1.269,0.0,0.0,5,,,,1.269,-0.0,0.0,1.269
R00_S00000,alpha_ketoglutarate,2,-1.209,0.0,0.0,5,,,,1.209,-0.0,0.0,1.209
R00_S00000,succinate,2,-1.002,0.0,0.0,5,,,,1.002,-0.0,0.0,1.002
R00_S00000,fumarate,2,-1.098,0.0,0.0,5,,,,1.098,-0.0,0.0,1.098
R00_S00000,malate,2,-1.144,0.0,0.0,5,,,,1.144,-0.0,0.0,1.144
R00_S00000,oxaloacetate,2,-0.978,0.0,0.0,5,,,,0.978,-0.0,0.0,0.978
R00_S00001,citrate,2,-1.223,0.0,0.0,5,,,,1.223,-0.0,0.0,1.223
R00_S00001,isocitrate,2,-1.219,0.0,0.0,5,,,,1.219,-0.0,0.0,1.219
R00_S00001,alpha_ketoglutarate,2,-0.938,0.0,0.0,5,,,,0.938,-0.0,0.0,0.938
R00_S00001,succinate,2,-0.996,0.0,0.0,5,,,,0.996,-0.0,0.0,0.996
R00_S00001,fumarate,2,-1.099,0.0,0.0,5,,,,1.099,-0.0,0.0,1.099
R00_S00001,malate,2,-1.096,0.0,0.0,5,,,,1.096,-0.0,0.0,1.096
R00_S00001,oxaloacetate,2,-0.898,0.0,0.0,5,,,,0.898,-0.0,0.0,0.898
R00_S00002,citrate,2,-1.208,0.0,0.0,5,,,,1.208,-0.0,0.0,1.208
R00_S00002,isocitrate,2,-1.094,0.0,0.0,5,,,,1.094,-0.0,0.0,1.094
R00_S00002,alpha_ketoglutarate,2,-0.941,0.0,0.0,5,,,,0.941,-0.0,0.0,0.941
R00_S00002,succinate,2,-0.928,0.0,0.0,5,,,,0.928,-0.0,0.0,0.928
R00_S00002,fumarate,2,-1.093,0.0,0.0,5,,,,1.093,-0.0,0.0,1.093
R00_S00002,malate,2,-1.041,0.0,0.0,5,,,,1.041,-0.0,0.0,1.041
R00_S00002,oxaloacetate,2,-0.909,0.0,0.0,5,,,,0.909,-0.0,0.0,0.909
R00_S00003,citrate,2,-1.713,0.0,0.0,5,,,,1.713,-0.0,0.0,1.713
R00_S00003,isocitrate,2,-1.628,0.0,0.0,5,,,,1.628,-0.0,0.0,1.628
R00_S00003,alpha_ketoglutarate,2,-1.537,0.0,0.0,5,,,,1.537,-0.0,0.0,1.537
R00_S00003,succinate,2,-1.522,0.0,0.0,5,,,,1.522,-0.0,0.0,1.522
R00_S00003,fumarate,2,-1.535,0.0,0.0,5,,,,1.535,-0.0,0.0,1.535
R00_S00003,malate,2,-1.553,0.0,0.0,5,,,,1.553,-0.0,0.0,1.553
R00_S00003,oxaloacetate,2,-1.528,0.0,0.0,5,,,,1.528,-0.0,0.0,1.528
R00_S00004,citrate,2,-0.268,0.0,0.0,5,,,,0.268,-0.0,0.0,0.268
R00_S00004,isocitrate,2,-0.291,0.0,0.0,5,,,,0.291,-0.0,0.0,0.291
R00_S00004,alpha_ketoglutarate,2,-0.233,0.0,0.0,5,,,,0.233,-0.0,0.0,0.233
R00_S00004,succinate,2,-0.272,0.0,0.0,5,,,,0.272,-0.0,0.0,0.272
R00_S00004,fumarate,2,-0.256,0.0,0.0,5,,,,0.256,-0.0,0.0,0.256
R00_S00004,malate,2,-0.3,0.0,0.0,5,,,,0.3,-0.0,0.0,0.3
R00_S00004,oxaloacetate,2,-0.261,0.0,0.0,5,,,,0.261,-0.0,0.0,0.261
R00_S00005,citrate,2,-1.212,0.0,0.0,5,,,,1.212,-0.0,0.0,1.212
R00_S00005,isocitrate,2,-1.318,0.0,0.0,5,,,,1.318,-0.0,0.0,1.318
R00_S00005,alpha_ketoglutarate,2,-1.089,0.0,0.0,5,,,,1.089,-0.0,0.0,1.089
R00_S00005,succinate,2,-1.065,0.0,0.0,5,,,,1.065,-0.0,0.0,1.065
R00_S00005,fumarate,2,-1.073,0.0,0.0,5,,,,1.073,-0.0,0.0,1.073
R00_S00005,malate,2,-1.258,0.0,0.0,5,,,,1.258,-0.0,0.0,1.258
R00_S00005,oxaloacetate,2,-1.076,0.0,0.0,5,,,,1.076,-0.0,0.0,1.076
R00_S00006,citrate,2,-0.405,0.0,0.0,4,,,,0.405,-0.0,0.0,0.405
R00_S00006,isocitrate,2,-0.448,0.0,0.0,5,,,,0.448,-0.0,0.0,0.448
R00_S00006,alpha_ketoglutarate,2,-0.415,0.0,0.0,4,,,,0.415,-0.0,0.0,0.415
R00_S00006,succinate,2,-0.4,0.0,0.0,4,,,,0.4,-0.0,0.0,0.4
R00_S00006,fumarate,2,-0.436,0.0,0.0,5,,,,0.436,-0.0,0.0,0.436
R00_S00006,malate,2,-0.42,0.0,0.0,5,,,,0.42,-0.0,0.0,0.42
R00_S00006,oxaloacetate,2,-0.297,0.0,0.0,5,,,,0.297,-0.0,0.0,0.297
R00_S00007,citrate,2,-1.188,0.0,0.0,4,,,,1.188,-0.0,0.0,1.188
R00_S00007,isocitrate,2,-1.093,0.0,0.0,5,,,,1.093,-0.0,0.0,1.093
R00_S00007,alpha_ketoglutarate,2,-0.915,0.0,0.0,5,,,,0.915,-0.0,0.0,0.915
R00_S00007,succinate,2,-0.895,0.0,0.0,5,,,,0.895,-0.0,0.0,0.895
R00_S00007,fumarate,2,-0.987,0.0,0.0,5,,,,0.987,-0.0,0.0,0.987
R00_S00007,malate,2,-1.025,0.0,0.0,5,,,,1.025,-0.0,0.0,1.025
R00_S00007,oxaloacetate,2,-0.939,0.0,0.0,5,,,,0.939,-0.0,0.0,0.939
R00_S00008,citrate,2,-1.215,0.0,0.0,5,,,,1.215,-0.0,0.0,1.215
R00_S00008,isocitrate,2,-1.241,0.0,0.0,5,,,,1.241,-0.0,0.0,1.241
R00_S00008,alpha_ketoglutarate,2,-1.059,0.0,0.0,5,,,,1.059,-0.0,0.0,1.059
R00_S00008,succinate,2,-0.99,0.0,0.0,5,,,,0.99,-0.0,0.0,0.99
R00_S00008,fumarate,2,-1.138,0.0,0.0,5,,,,1.138,-0.0,0.0,1.138
R00_S00008,malate,2,-1.133,0.0,0.0,5,,,,1.133,-0.0,0.0,1.133
R00_S00008,oxaloacetate,2,-1.078,0.0,0.0,5,,,,1.078,-0.0,0.0,1.078
R00_S00009,citrate,2,-0.65,0.0,0.0,5,,,,0.65,-0.0,0.0,0.65
R00_S00009,isocitrate,2,-0.706,0.0,0.0,5,,,,0.706,-0.0,0.0,0.706
R00_S00009,alpha_ketoglutarate,2,-0.688,0.0,0.0,5,,,,0.688,-0.0,0.0,0.688
R00_S00009,succinate,2,-0.585,0.0,0.0,5,,,,0.585,-0.0,0.0,0.585
R00_S00009,fumarate,2,-0.616,0.0,0.0,5,,,,0.616,-0.0,0.0,0.616
R00_S00009,malate,2,-0.56,0.0,0.0,5,,,,0.56,-0.0,0.0,0.56
R00_S00009,oxaloacetate,2,-0.561,0.0,0.0,5,,,,0.561,-0.0,0.0,0.561
R01_M00000,citrate,2,-1.32,0.0,0.0,5,,,,1.32,-0.0,0.0,1.32
R01_M00000,isocitrate,2,-1.266,0.0,0.0,5,,,,1.266,-0.0,0.0,1.266
R01_M00000,alpha_ketoglutarate,2,-1.122,0.0,0.0,5,,,,1.122,-0.0,0.0,1.122
R01_M00000,succinate,2,-0.949,0.0,0.0,5,,,,0.949,-0.0,0.0,0.949
R01_M00000,fumarate,2,-1.061,0.0,0.0,5,,,,1.061,-0.0,0.0,1.061
R01_M00000,malate,2,-1.153,0.0,0.0,5,,,,1.153,-0.0,0.0,1.153
R01_M00000,oxaloacetate,2,-0.979,0.0,0.0,5,,,,0.979,-0.0,0.0,0.979
R01_M00001,citrate,2,-1.332,0.0,0.0,5,,,,1.332,-0.0,0.0,1.332
R01_M00001,isocitrate,2,-1.276,0.0,0.0,5,,,,1.276,-0.0,0.0,1.276
R01_M00001,alpha_ketoglutarate,2,-1.127,0.0,0.0,5,,,,1.127,-0.0,0.0,1.127
R01_M00001,succinate,2,-1.008,0.0,0.0,5,,,,1.008,-0.0,0.0,1.008
R01_M00001,fumarate,2,-1.117,0.0,0.0,5,,,,1.117,-0.0,0.0,1.117
R01_M00001,malate,2,-1.173,0.0,0.0,5,,,,1.173,-0.0,0.0,1.173
R01_M00001,oxaloacetate,2,-1.014,0.0,0.0,5,,,,1.014,-0.0,0.0,1.014
R01_M00002,citrate,2,-1.42,0.0,0.0,5,,,,1.42,-0.0,0.0,1.42
R01_M00002,isocitrate,2,-1.338,0.0,0.0,5,,,,1.338,-0.0,0.0,1.338
R01_M00002,alpha_ketoglutarate,2,-1.115,0.0,0.0,5,,,,1.115,-0.0,0.0,1.115
R01_M00002,succinate,2,-1.057,0.0,0.0,5,,,,1.057,-0.0,0.0,1.057
R01_M00002,fumarate,2,-1.136,0.0,0.0,5,,,,1.136,-0.0,0.0,1.136
R01_M00002,malate,2,-1.211,0.0,0.0,5,,,,1.211,-0.0,0.0,1.211
R01_M00002,oxaloacetate,2,-0.979,0.0,0.0,5,,,,0.979,-0.0,0.0,0.979
R01_M00003,citrate,2,-1.334,0.0,0.0,5,,,,1.334,-0.0,0.0,1.334
R01_M00003,isocitrate,2,-1.412,0.0,0.0,5,,,,1.412,-0.0,0.0,1.412
R01_M00003,alpha_ketoglutarate,2,-0.997,0.0,0.0,5,,,,0.997,-0.0,0.0,0.997
R01_M00003,succinate,2,-0.955,0.0,0.0,5,,,,0.955,-0.0,0.0,0.955
R01_M00003,fumarate,2,-1.075,0.0,0.0,5,,,,1.075,-0.0,0.0,1.075
R01_M00003,malate,2,-1.158,0.0,0.0,5,,,,1.158,-0.0,0.0,1.158
R01_M00003,oxaloacetate,2,-0.991,0.0,0.0,5,,,,0.991,-0.0,0.0,0.991
R01_M00004,citrate,2,-1.211,0.0,0.0,5,,,,1.211,-0.0,0.0,1.211
R01_M00004,isocitrate,2,-1.23,0.0,0.0,5,,,,1.23,-0.0,0.0,1.23
R01_M00004,alpha_ketoglutarate,2,-1.048,0.0,0.0,5,,,,1.048,-0.0,0.0,1.048
R01_M00004,succinate,2,-0.859,0.0,0.0,5,,,,0.859,-0.0,0.0,0.859
R01_M00004,fumarate,2,-1.095,0.0,0.0,5,,,,1.095,-0.0,0.0,1.095
R01_M00004,malate,2,-1.096,0.0,0.0,5,,,,1.096,-0.0,0.0,1.096
R01_M00004,oxaloacetate,2,-0.923,0.0,0.0,5,,,,0.923,-0.0,0.0,0.923
R01_M00005,citrate,2,-1.304,0.0,0.0,5,,,,1.304,-0.0,0.0,1.304
R01_M00005,isocitrate,2,-1.243,0.0,0.0,5,,,,1.243,-0.0,0.0,1.243
R01_M00005,alpha_ketoglutarate,2,-1.123,0.0,0.0,5,,,,1.123,-0.0,0.0,1.123
R01_M00005,succinate,2,-1.039,0.0,0.0,5,,,,1.039,-0.0,0.0,1.039
R01_M00005,fumarate,2,-1.092,0.0,0.0,5,,,,1.092,-0.0,0.0,1.092
R01_M00005,malate,2,-1.142,0.0,0.0,5,,,,1.142,-0.0,0.0,1.142
R01_M00005,oxaloacetate,2,-1.004,0.0,0.0,5,,,,1.004,-0.0,0.0,1.004
R01_M00006,citrate,2,-1.329,0.0,0.0,5,,,,1.329,-0.0,0.0,1.329
R01_M00006,isocitrate,2,-1.235,0.0,0.0,5,,,,1.235,-0.0,0.0,1.235
R01_M00006,alpha_ketoglutarate,2,-1.031,0.0,0.0,5,,,,1.031,-0.0,0.0,1.031
R01_M00006,succinate,2,-0.967,0.0,0.0,5,,,,0.967,-0.0,0.0,0.967
R01_M00006,fumarate,2,-1.001,0.0,0.0,5,,,,1.001,-0.0,0.0,1.001
R01_M00006,malate,2,-1.137,0.0,0.0,5,,,,1.137,-0.0,0.0,1.137
R01_M00006,oxaloacetate,2,-0.976,0.0,0.0,5,,,,0.976,-0.0,0.0,0.976
R01_M00007,citrate,2,-1.338,0.0,0.0,5,,,,1.338,-0.0,0.0,1.338
R01_M00007,isocitrate,2,-1.25,0.0,0.0,5,,,,1.25,-0.0,0.0,1.25
R01_M00007,alpha_ketoglutarate,2,-1.138,0.0,0.0,5,,,,1.138,-0.0,0.0,1.138
R01_M00007,succinate,2,-1.033,0.0,0.0,5,,,,1.033,-0.0,0.0,1.033
R01_M00007,fumarate,2,-1.134,0.0,0.0,5,,,,1.134,-0.0,0.0,1.134
R01_M00007,malate,2,-1.14,0.0,0.0,5,,,,1.14,-0.0,0.0,1.14
R01_M00007,oxaloacetate,2,-1.01,0.0,0.0,5,,,,1.01,-0.0,0.0,1.01
R01_N00000,citrate,2,-1.317,0.0,0.0,5,,,,1.317,-0.0,0.0,1.317
R01_N00000,isocitrate,2,-1.331,0.0,0.0,5,,,,1.331,-0.0,0.0,1.331
R01_N00000,alpha_ketoglutarate,2,-1.073,0.0,0.0,5,,,,1.073,-0.0,0.0,1.073
R01_N00000,succinate,2,-1.028,0.0,0.0,5,,,,1.028,-0.0,0.0,1.028
R01_N00000,fumarate,2,-1.1,0.0,0.0,5,,,,1.1,-0.0,0.0,1.1
R01_N00000,malate,2,-1.182,0.0,0.0,5,,,,1.182,-0.0,0.0,1.182
R01_N00000,oxaloacetate,2,-1.029,0.0,0.0,5,,,,1.029,-0.0,0.0,1.029
R01_N00001,citrate,2,-1.408,0.0,0.0,5,,,,1.408,-0.0,0.0,1.408
R01_N00001,isocitrate,2,-1.319,0.0,0.0,5,,,,1.319,-0.0,0.0,1.319
R01_N00001,alpha_ketoglutarate,2,-1.055,0.0,0.0,5,,,,1.055,-0.0,0.0,1.055
R01_N00001,succinate,2,-1.057,0.0,0.0,5,,,,1.057,-0.0,0.0,1.057
R01_N00001,fumarate,2,-1.119,0.0,0.0,5,,,,1.119,-0.0,0.0,1.119
R01_N00001,malate,2,-1.201,0.0,0.0,5,,,,1.201,-0.0,0.0,1.201
R01_N00001,oxaloacetate,2,-1.036,0.0,0.0,5,,,,1.036,-0.0,0.0,1.036
R02_M00000,citrate,2,-1.323,-1.865,-1.066,5,-14.1,GCAGGUCUCUAGCUUGCCACGAUGCAUGGUAGGGCCUACCGA,0.5952,1.323,14.1,0.09519999999999995,2.72824
R02_M00000,isocitrate,2,-1.368,-1.927,-0.899,5,-14.1,GCAGGUCUCUAGCUUGCCACGAUGCAUGGUAGGGCCUACCGA,0.5952,1.368,14.1,0.09519999999999995,2.7732400000000004
R02_M00000,alpha_ketoglutarate,2,-1.016,-1.313,-0.41,5,-14.1,GCAGGUCUCUAGCUUGCCACGAUGCAUGGUAGGGCCUACCGA,0.5952,1.016,14.1,0.09519999999999995,2.42124
R02_M00000,succinate,2,-1.046,-1.291,-0.224,5,-14.1,GCAGGUCUCUAGCUUGCCACGAUGCAUGGUAGGGCCUACCGA,0.5952,1.046,14.1,0.09519999999999995,2.4512400000000003
R02_M00000,fumarate,2,-1.103,-1.296,-0.168,5,-14.1,GCAGGUCUCUAGCUUGCCACGAUGCAUGGUAGGGCCUACCGA,0.5952,1.103,14.1,0.09519999999999995,2.50824
R02_M00000,malate,2,-1.154,-1.458,-0.694,5,-14.1,GCAGGUCUCUAGCUUGCCACGAUGCAUGGUAGGGCCUACCGA,0.5952,1.154,14.1,0.09519999999999995,2.55924
R02_M00000,oxaloacetate,2,-0.94,-1.16,-0.434,5,-14.1,GCAGGUCUCUAGCUUGCCACGAUGCAUGGUAGGGCCUACCGA,0.5952,0.94,14.1,0.09519999999999995,2.34524
R02_M00001,citrate,2,-1.309,-1.845,-1.089,5,-15.0,GCAGGUCUCAGGCUUAACACGCUGUAGGCCAGGGCCUAGUGA,0.5952,1.309,15.0,0.09519999999999995,2.80424
R02_M00001,isocitrate,2,-1.315,-1.853,-0.896,5,-15.0,GCAGGUCUCAGGCUUAACACGCUGUAGGCCAGGGCCUAGUGA,0.5952,1.315,15.0,0.09519999999999995,2.81024
R02_M00001,alpha_ketoglutarate,2,-0.978,-1.264,-0.463,5,-15.0,GCAGGUCUCAGGCUUAACACGCUGUAGGCCAGGGCCUAGUGA,0.5952,0.978,15.0,0.09519999999999995,2.4732399999999997
R02_M00001,succinate,2,-0.942,-1.162,-0.292,5,-15.0,GCAGGUCUCAGGCUUAACACGCUGUAGGCCAGGGCCUAGUGA,0.5952,0.942,15.0,0.09519999999999995,2.43724
R02_M00001,fumarate,2,-1.037,-1.219,-0.169,5,-15.0,GCAGGUCUCAGGCUUAACACGCUGUAGGCCAGGGCCUAGUGA,0.5952,1.037,15.0,0.09519999999999995,2.53224
R02_M00001,malate,2,-1.175,-1.484,-0.682,5,-15.0,GCAGGUCUCAGGCUUAACACGCUGUAGGCCAGGGCCUAGUGA,0.5952,1.175,15.0,0.09519999999999995,2.6702399999999997
R02_M00001,oxaloacetate,2,-0.984,-1.213,-0.457,5,-15.0,GCAGGUCUCAGGCUUAACACGCUGUAGGCCAGGGCCUAGUGA,0.5952,0.984,15.0,0.09519999999999995,2.47924
R02_M00002,citrate,2,-1.329,-1.873,-1.036,5,-9.2,UCAUGUCUCUGGCUUAAUAAAUUGUAGACAAGGGCCUAGACA,0.4048,1.329,9.2,0.0952,2.2442399999999996
R02_M00002,isocitrate,2,-1.26,-1.775,-1.039,5,-9.2,UCAUGUCUCUGGCUUAAUAAAUUGUAGACAAGGGCCUAGACA,0.4048,1.26,9.2,0.0952,2.1752399999999996
R02_M00002,alpha_ketoglutarate,2,-1.041,-1.345,-0.431,5,-9.2,UCAUGUCUCUGGCUUAAUAAAUUGUAGACAAGGGCCUAGACA,0.4048,1.041,9.2,0.0952,1.9562399999999998
R02_M00002,succinate,2,-0.936,-1.154,-0.289,5,-9.2,UCAUGUCUCUGGCUUAAUAAAUUGUAGACAAGGGCCUAGACA,0.4048,0.936,9.2,0.0952,1.8512399999999998
R02_M00002,fumarate,2,-1.118,-1.314,-0.17,5,-9.2,UCAUGUCUCUGGCUUAAUAAAUUGUAGACAAGGGCCUAGACA,0.4048,1.118,9.2,0.0952,2.03324
R02_M00002,malate,2,-1.15,-1.453,-0.703,5,-9.2,UCAUGUCUCUGGCUUAAUAAAUUGUAGACAAGGGCCUAGACA,0.4048,1.15,9.2,0.0952,2.0652399999999997
R02_M00002,oxaloacetate,2,-0.989,-1.22,-0.453,5,-9.2,UCAUGUCUCUGGCUUAAUAAAUUGUAGACAAGGGCCUAGACA,0.4048,0.989,9.2,0.0952,1.9042399999999997
R02_M00003,citrate,2,-1.326,-1.869,-1.032,5,-7.4,UCAGGUCUAUAGCUUGUCACGAUCCAGGAUAGUGCCUACCGA,0.5,1.326,7.4,0.0,2.0660000000000003
R02_M00003,isocitrate,2,-1.286,-1.812,-1.019,5,-7.4,UCAGGUCUAUAGCUUGUCACGAUCCAGGAUAGUGCCUACCGA,0.5,1.286,7.4,0.0,2.0260000000000002
R02_M00003,alpha_ketoglutarate,2,-0.97,-1.253,-0.487,5,-7.4,UCAGGUCUAUAGCUUGUCACGAUCCAGGAUAGUGCCUACCGA,0.5,0.97,7.4,0.0,1.71
R02_M00003,succinate,2,-0.95,-1.172,-0.288,5,-7.4,UCAGGUCUAUAGCUUGUCACGAUCCAGGAUAGUGCCUACCGA,0.5,0.95,7.4,0.0,1.69
R02_M00003,fumarate,2,-1.05,-1.234,-0.17,5,-7.4,UCAGGUCUAUAGCUUGUCACGAUCCAGGAUAGUGCCUACCGA,0.5,1.05,7.4,0.0,1.79
R02_M00003,malate,2,-1.198,-1.513,-0.699,5,-7.4,UCAGGUCUAUAGCUUGUCACGAUCCAGGAUAGUGCCUACCGA,0.5,1.198,7.4,0.0,1.9380000000000002
R02_M00003,oxaloacetate,2,-1.002,-1.236,-0.451,5,-7.4,UCAGGUCUAUAGCUUGUCACGAUCCAGGAUAGUGCCUACCGA,0.5,1.002,7.4,0.0,1.742
R02_M00004,citrate,2,-1.298,-1.829,-1.059,5,-8.8,GCAGGUGUAUGGCCUAACGAGCUUUAGGAGAGGGCCUAGUCU,0.5476,1.298,8.8,0.047599999999999976,2.17562
R02_M00004,isocitrate,2,-1.214,-1.711,-1.009,5,-8.8,GCAGGUGUAUGGCCUAACGAGCUUUAGGAGAGGGCCUAGUCU,0.5476,1.214,8.8,0.047599999999999976,2.0916200000000003
R02_M00004,alpha_ketoglutarate,2,-0.976,-1.261,-0.462,5,-8.8,GCAGGUGUAUGGCCUAACGAGCUUUAGGAGAGGGCCUAGUCU,0.5476,0.976,8.8,0.047599999999999976,1.85362
R02_M00004,succinate,2,-0.94,-1.16,-0.29,5,-8.8,GCAGGUGUAUGGCCUAACGAGCUUUAGGAGAGGGCCUAGUCU,0.5476,0.94,8.8,0.047599999999999976,1.81762
R02_M00004,fumarate,2,-1.011,-1.188,-0.168,5,-8.8,GCAGGUGUAUGGCCUAACGAGCUUUAGGAGAGGGCCUAGUCU,0.5476,1.011,8.8,0.047599999999999976,1.88862
R02_M00004,malate,2,-1.159,-1.463,-0.698,5,-8.8,GCAGGUGUAUGGCCUAACGAGCUUUAGGAGAGGGCCUAGUCU,0.5476,1.159,8.8,0.047599999999999976,2.03662
R02_M00004,oxaloacetate,2,-1.106,-1.365,-0.32,5,-8.8,GCAGGUGUAUGGCCUAACGAGCUUUAGGAGAGGGCCUAGUCU,0.5476,1.106,8.8,0.047599999999999976,1.9836200000000002
R02_M00005,citrate,2,-1.282,-1.807,-1.048,5,-7.8,UCAGGUCUGUGGCUUACCAAAUUGUAGGAAAGGGCGUAGCGA,0.5,1.282,7.8,0.0,2.0620000000000003
R02_M00005,isocitrate,2,-1.242,-1.751,-1.036,5,-7.8,UCAGGUCUGUGGCUUACCAAAUUGUAGGAAAGGGCGUAGCGA,0.5,1.242,7.8,0.0,2.0220000000000002
R02_M00005,alpha_ketoglutarate,2,-1.009,-1.304,-0.487,5,-7.8,UCAGGUCUGUGGCUUACCAAAUUGUAGGAAAGGGCGUAGCGA,0.5,1.009,7.8,0.0,1.789
R02_M00005,succinate,2,-0.963,-1.188,-0.257,5,-7.8,UCAGGUCUGUGGCUUACCAAAUUGUAGGAAAGGGCGUAGCGA,0.5,0.963,7.8,0.0,1.7429999999999999
R02_M00005,fumarate,2,-1.045,-1.229,-0.171,5,-7.8,UCAGGUCUGUGGCUUACCAAAUUGUAGGAAAGGGCGUAGCGA,0.5,1.045,7.8,0.0,1.825
R02_M00005,malate,2,-1.129,-1.426,-0.705,5,-7.8,UCAGGUCUGUGGCUUACCAAAUUGUAGGAAAGGGCGUAGCGA,0.5,1.129,7.8,0.0,1.909
R02_M00005,oxaloacetate,2,-0.984,-1.214,-0.457,5,-7.8,UCAGGUCUGUGGCUUACCAAAUUGUAGGAAAGGGCGUAGCGA,0.5,0.984,7.8,0.0,1.764
R02_M00006,citrate,2,-1.257,-1.772,-1.059,5,-15.6,UAAGGUCCCUAGUUUGUCUCUAUGCAGGAUAGGGACUACCUA,0.4524,1.257,15.6,0.047599999999999976,2.81462
R02_M00006,isocitrate,2,-1.329,-1.873,-0.939,5,-15.6,UAAGGUCCCUAGUUUGUCUCUAUGCAGGAUAGGGACUACCUA,0.4524,1.329,15.6,0.047599999999999976,2.88662
R02_M00006,alpha_ketoglutarate,2,-1.043,-1.348,-0.406,5,-15.6,UAAGGUCCCUAGUUUGUCUCUAUGCAGGAUAGGGACUACCUA,0.4524,1.043,15.6,0.047599999999999976,2.6006199999999997
R02_M00006,succinate,2,-0.961,-1.186,-0.266,5,-15.6,UAAGGUCCCUAGUUUGUCUCUAUGCAGGAUAGGGACUACCUA,0.4524,0.961,15.6,0.047599999999999976,2.51862
R02_M00006,fumarate,2,-1.038,-1.22,-0.167,5,-15.6,UAAGGUCCCUAGUUUGUCUCUAUGCAGGAUAGGGACUACCUA,0.4524,1.038,15.6,0.047599999999999976,2.59562
R02_M00006,malate,2,-1.146,-1.448,-0.676,5,-15.6,UAAGGUCCCUAGUUUGUCUCUAUGCAGGAUAGGGACUACCUA,0.4524,1.146,15.6,0.047599999999999976,2.70362
R02_M00006,oxaloacetate,2,-0.989,-1.221,-0.458,5,-15.6,UAAGGUCCCUAGUUUGUCUCUAUGCAGGAUAGGGACUACCUA,0.4524,0.989,15.6,0.047599999999999976,2.54662
R02_M00007,citrate,2,-1.335,-1.881,-1.002,5,-7.5,GCAGGUUUCUGGCUGAACACGCUGUACGACACGGCCUAGUCA,0.5714,1.335,7.5,0.07140000000000002,2.08143
R02_M00007,isocitrate,2,-1.292,-1.821,-1.035,5,-7.5,GCAGGUUUCUGGCUGAACACGCUGUACGACACGGCCUAGUCA,0.5714,1.292,7.5,0.07140000000000002,2.03843
R02_M00007,alpha_ketoglutarate,2,-1.056,-1.365,-0.4,5,-7.5,GCAGGUUUCUGGCUGAACACGCUGUACGACACGGCCUAGUCA,0.5714,1.056,7.5,0.07140000000000002,1.80243
R02_M00007,succinate,2,-1.041,-1.284,-0.291,5,-7.5,GCAGGUUUCUGGCUGAACACGCUGUACGACACGGCCUAGUCA,0.5714,1.041,7.5,0.07140000000000002,1.7874299999999999
R02_M00007,fumarate,2,-1.154,-1.356,-0.164,5,-7.5,GCAGGUUUCUGGCUGAACACGCUGUACGACACGGCCUAGUCA,0.5714,1.154,7.5,0.07140000000000002,1.9004299999999998
R02_M00007,malate,2,-1.23,-1.554,-0.687,5,-7.5,GCAGGUUUCUGGCUGAACACGCUGUACGACACGGCCUAGUCA,0.5714,1.23,7.5,0.07140000000000002,1.97643
R02_M00007,oxaloacetate,2,-1.09,-1.345,-0.456,5,-7.5,GCAGGUUUCUGGCUGAACACGCUGUACGACACGGCCUAGUCA,0.5714,1.09,7.5,0.07140000000000002,1.83643
R02_N00000,citrate,2,-1.298,-1.828,-1.101,5,-1.4,UCUGGAAUACUAAGCAUAAAUGUCCGCCACG,0.4516,1.298,1.4,0.0484,1.4355799999999999
R02_N00000,isocitrate,2,-1.387,-1.955,-0.914,5,-1.4,UCUGGAAUACUAAGCAUAAAUGUCCGCCACG,0.4516,1.387,1.4,0.0484,1.5245799999999998
R02_N00000,alpha_ketoglutarate,2,-1.063,-1.373,-0.487,5,-1.4,UCUGGAAUACUAAGCAUAAAUGUCCGCCACG,0.4516,1.063,1.4,0.0484,1.2005799999999998
R02_N00000,succinate,2,-1.044,-1.289,-0.275,5,-1.4,UCUGGAAUACUAAGCAUAAAUGUCCGCCACG,0.4516,1.044,1.4,0.0484,1.1815799999999999
R02_N00000,fumarate,2,-1.124,-1.322,-0.17,5,-1.4,UCUGGAAUACUAAGCAUAAAUGUCCGCCACG,0.4516,1.124,1.4,0.0484,1.26158
R02_N00000,malate,2,-1.201,-1.517,-0.694,5,-1.4,UCUGGAAUACUAAGCAUAAAUGUCCGCCACG,0.4516,1.201,1.4,0.0484,1.3385799999999999
R02_N00000,oxaloacetate,2,-1.012,-1.249,-0.408,5,-1.4,UCUGGAAUACUAAGCAUAAAUGUCCGCCACG,0.4516,1.012,1.4,0.0484,1.1495799999999998
R02_N00001,citrate,2,-1.207,-1.701,-1.038,5,-9.5,GUUGGCCACGUUAAGACGCACACUGUACCAUGUCCAGUGUAGCAGG,0.5435,1.207,9.5,0.04349999999999998,2.154825
R02_N00001,isocitrate,2,-1.289,-1.817,-0.924,5,-9.5,GUUGGCCACGUUAAGACGCACACUGUACCAUGUCCAGUGUAGCAGG,0.5435,1.289,9.5,0.04349999999999998,2.236825
R02_N00001,alpha_ketoglutarate,2,-1.032,-1.334,-0.412,5,-9.5,GUUGGCCACGUUAAGACGCACACUGUACCAUGUCCAGUGUAGCAGG,0.5435,1.032,9.5,0.04349999999999998,1.9798250000000002
R02_N00001,succinate,2,-1.003,-1.237,-0.269,5,-9.5,GUUGGCCACGUUAAGACGCACACUGUACCAUGUCCAGUGUAGCAGG,0.5435,1.003,9.5,0.04349999999999998,1.9508249999999998
R02_N00001,fumarate,2,-1.104,-1.297,-0.172,5,-9.5,GUUGGCCACGUUAAGACGCACACUGUACCAUGUCCAGUGUAGCAGG,0.5435,1.104,9.5,0.04349999999999998,2.0518250000000005
R02_N00001,malate,2,-1.092,-1.379,-0.702,5,-9.5,GUUGGCCACGUUAAGACGCACACUGUACCAUGUCCAGUGUAGCAGG,0.5435,1.092,9.5,0.04349999999999998,2.0398250000000004
R02_N00001,oxaloacetate,2,-0.976,-1.204,-0.442,5,-9.5,GUUGGCCACGUUAAGACGCACACUGUACCAUGUCCAGUGUAGCAGG,0.5435,0.976,9.5,0.04349999999999998,1.9238250000000001
